id,name,surName,age,nationalCardNo
1,Mason,Greenwood,25,12345678901
2,Marco,Asensio,31,12345678902
3,Vedat,Muriç,35,12345678903
4,Ederson,Moreno,32,12345678904
5,Kerem,Aktürkoğlu,25,12345678905
6,Bartuğ,Elmaz,20,12345678906
13,Ahmet,Yılmaz,25,12345678907
14,Mehmet,Kaya,30,12345678908
15,Mehmet,Kaya,30,12345678909
16,Ahmet,Yılmaz,25,10000000001
17,Mehmet,Yılmaz,32,10000000002
18,Ali,Yılmaz,39,10000000003
19,Mustafa,Yılmaz,46,10000000004
20,Emre,Yılmaz,53,10000000005
21,Can,Yılmaz,60,10000000006
22,Mert,Yılmaz,19,10000000007
23,Burak,Yılmaz,26,10000000008
24,Kerem,Yılmaz,33,10000000009
25,Eren,Yılmaz,40,10000000010
26,Ayşe,Yılmaz,47,10000000011
27,Fatma,Yılmaz,54,10000000012
28,Zeynep,Yılmaz,61,10000000013
29,Elif,Yılmaz,20,10000000014
30,Buse,Yılmaz,27,10000000015
31,Ceren,Yılmaz,34,10000000016
32,Derya,Yılmaz,41,10000000017
33,Seda,Yılmaz,48,10000000018
34,Esra,Yılmaz,55,10000000019
35,İrem,Yılmaz,62,10000000020
36,Ahmet,Kaya,21,10000000021
37,Mehmet,Kaya,28,10000000022
38,Ali,Kaya,35,10000000023
39,Mustafa,Kaya,42,10000000024
40,Emre,Kaya,49,10000000025
41,Can,Kaya,56,10000000026
42,Mert,Kaya,63,10000000027
43,Burak,Kaya,22,10000000028
44,Kerem,Kaya,29,10000000029
45,Eren,Kaya,36,10000000030
46,Ayşe,Kaya,43,10000000031
47,Fatma,Kaya,50,10000000032
48,Zeynep,Kaya,57,10000000033
49,Elif,Kaya,64,10000000034
50,Buse,Kaya,23,10000000035
51,Ceren,Kaya,30,10000000036
52,Derya,Kaya,37,10000000037
53,Seda,Kaya,44,10000000038
54,Esra,Kaya,51,10000000039
55,İrem,Kaya,58,10000000040
56,Ahmet,Demir,65,10000000041
57,Mehmet,Demir,24,10000000042
58,Ali,Demir,31,10000000043
59,Mustafa,Demir,38,10000000044
60,Emre,Demir,45,10000000045
61,Can,Demir,52,10000000046
62,Mert,Demir,59,10000000047
63,Burak,Demir,18,10000000048
64,Kerem,Demir,25,10000000049
65,Eren,Demir,32,10000000050
66,Ayşe,Demir,39,10000000051
67,Fatma,Demir,46,10000000052
68,Zeynep,Demir,53,10000000053
69,Elif,Demir,60,10000000054
70,Buse,Demir,19,10000000055
71,Ceren,Demir,26,10000000056
72,Derya,Demir,33,10000000057
73,Seda,Demir,40,10000000058
74,Esra,Demir,47,10000000059
75,İrem,Demir,54,10000000060
76,Ahmet,Çelik,61,10000000061
77,Mehmet,Çelik,20,10000000062
78,Ali,Çelik,27,10000000063
79,Mustafa,Çelik,34,10000000064
80,Emre,Çelik,41,10000000065
81,Can,Çelik,48,10000000066
82,Mert,Çelik,55,10000000067
83,Burak,Çelik,62,10000000068
84,Kerem,Çelik,21,10000000069
85,Eren,Çelik,28,10000000070
86,Ayşe,Çelik,35,10000000071
87,Fatma,Çelik,42,10000000072
88,Zeynep,Çelik,49,10000000073
89,Elif,Çelik,56,10000000074
90,Buse,Çelik,63,10000000075
91,Ceren,Çelik,22,10000000076
92,Derya,Çelik,29,10000000077
93,Seda,Çelik,36,10000000078
94,Esra,Çelik,43,10000000079
95,İrem,Çelik,50,10000000080
96,Ahmet,Şahin,57,10000000081
97,Mehmet,Şahin,64,10000000082
98,Ali,Şahin,23,10000000083
99,Mustafa,Şahin,30,10000000084
100,Emre,Şahin,37,10000000085
101,Can,Şahin,44,10000000086
102,Mert,Şahin,51,10000000087
103,Burak,Şahin,58,10000000088
104,Kerem,Şahin,65,10000000089
105,Eren,Şahin,24,10000000090
106,Ayşe,Şahin,31,10000000091
107,Fatma,Şahin,38,10000000092
108,Zeynep,Şahin,45,10000000093
109,Elif,Şahin,52,10000000094
110,Buse,Şahin,59,10000000095
111,Ceren,Şahin,18,10000000096
112,Derya,Şahin,25,10000000097
113,Seda,Şahin,32,10000000098
114,Esra,Şahin,39,10000000099
115,İrem,Şahin,46,10000000100
116,Ahmet,Aydın,53,10000000101
117,Mehmet,Aydın,60,10000000102
118,Ali,Aydın,19,10000000103
119,Mustafa,Aydın,26,10000000104
120,Emre,Aydın,33,10000000105
121,Can,Aydın,40,10000000106
122,Mert,Aydın,47,10000000107
123,Burak,Aydın,54,10000000108
124,Kerem,Aydın,61,10000000109
125,Eren,Aydın,20,10000000110
126,Ayşe,Aydın,27,10000000111
127,Fatma,Aydın,34,10000000112
128,Zeynep,Aydın,41,10000000113
129,Elif,Aydın,48,10000000114
130,Buse,Aydın,55,10000000115
131,Ceren,Aydın,62,10000000116
132,Derya,Aydın,21,10000000117
133,Seda,Aydın,28,10000000118
134,Esra,Aydın,35,10000000119
135,İrem,Aydın,42,10000000120
136,Ahmet,Öztürk,49,10000000121
137,Mehmet,Öztürk,56,10000000122
138,Ali,Öztürk,63,10000000123
139,Mustafa,Öztürk,22,10000000124
140,Emre,Öztürk,29,10000000125
141,Can,Öztürk,36,10000000126
142,Mert,Öztürk,43,10000000127
143,Burak,Öztürk,50,10000000128
144,Kerem,Öztürk,57,10000000129
145,Eren,Öztürk,64,10000000130
146,Ayşe,Öztürk,23,10000000131
147,Fatma,Öztürk,30,10000000132
148,Zeynep,Öztürk,37,10000000133
149,Elif,Öztürk,44,10000000134
150,Buse,Öztürk,51,10000000135
151,Ceren,Öztürk,58,10000000136
152,Derya,Öztürk,65,10000000137
153,Seda,Öztürk,24,10000000138
154,Esra,Öztürk,31,10000000139
155,İrem,Öztürk,38,10000000140
156,Ahmet,Arslan,45,10000000141
157,Mehmet,Arslan,52,10000000142
158,Ali,Arslan,59,10000000143
159,Mustafa,Arslan,18,10000000144
160,Emre,Arslan,25,10000000145
161,Can,Arslan,32,10000000146
162,Mert,Arslan,39,10000000147
163,Burak,Arslan,46,10000000148
164,Kerem,Arslan,53,10000000149
165,Eren,Arslan,60,10000000150
166,Ayşe,Arslan,19,10000000151
167,Fatma,Arslan,26,10000000152
168,Zeynep,Arslan,33,10000000153
169,Elif,Arslan,40,10000000154
170,Buse,Arslan,47,10000000155
171,Ceren,Arslan,54,10000000156
172,Derya,Arslan,61,10000000157
173,Seda,Arslan,20,10000000158
174,Esra,Arslan,27,10000000159
175,İrem,Arslan,34,10000000160
176,Ahmet,Doğan,41,10000000161
177,Mehmet,Doğan,48,10000000162
178,Ali,Doğan,55,10000000163
179,Mustafa,Doğan,62,10000000164
180,Emre,Doğan,21,10000000165
181,Can,Doğan,28,10000000166
182,Mert,Doğan,35,10000000167
183,Burak,Doğan,42,10000000168
184,Kerem,Doğan,49,10000000169
185,Eren,Doğan,56,10000000170
186,Ayşe,Doğan,63,10000000171
187,Fatma,Doğan,22,10000000172
188,Zeynep,Doğan,29,10000000173
189,Elif,Doğan,36,10000000174
190,Buse,Doğan,43,10000000175
191,Ceren,Doğan,50,10000000176
192,Derya,Doğan,57,10000000177
193,Seda,Doğan,64,10000000178
194,Esra,Doğan,23,10000000179
195,İrem,Doğan,30,10000000180
196,Ahmet,Kılıç,37,10000000181
197,Mehmet,Kılıç,44,10000000182
198,Ali,Kılıç,51,10000000183
199,Mustafa,Kılıç,58,10000000184
200,Emre,Kılıç,65,10000000185
201,Can,Kılıç,24,10000000186
202,Mert,Kılıç,31,10000000187
203,Burak,Kılıç,38,10000000188
204,Kerem,Kılıç,45,10000000189
205,Eren,Kılıç,52,10000000190
206,Ayşe,Kılıç,59,10000000191
207,Fatma,Kılıç,18,10000000192
208,Zeynep,Kılıç,25,10000000193
209,Elif,Kılıç,32,10000000194
210,Buse,Kılıç,39,10000000195
211,Ceren,Kılıç,46,10000000196
212,Derya,Kılıç,53,10000000197
213,Seda,Kılıç,60,10000000198
214,Esra,Kılıç,19,10000000199
215,İrem,Kılıç,26,10000000200
216,Ahmet,Aslan,33,10000000201
217,Mehmet,Aslan,40,10000000202
218,Ali,Aslan,47,10000000203
219,Mustafa,Aslan,54,10000000204
220,Emre,Aslan,61,10000000205
221,Can,Aslan,20,10000000206
222,Mert,Aslan,27,10000000207
223,Burak,Aslan,34,10000000208
224,Kerem,Aslan,41,10000000209
225,Eren,Aslan,48,10000000210
226,Ayşe,Aslan,55,10000000211
227,Fatma,Aslan,62,10000000212
228,Zeynep,Aslan,21,10000000213
229,Elif,Aslan,28,10000000214
230,Buse,Aslan,35,10000000215
231,Ceren,Aslan,42,10000000216
232,Derya,Aslan,49,10000000217
233,Seda,Aslan,56,10000000218
234,Esra,Aslan,63,10000000219
235,İrem,Aslan,22,10000000220
236,Ahmet,Koç,29,10000000221
237,Mehmet,Koç,36,10000000222
238,Ali,Koç,43,10000000223
239,Mustafa,Koç,50,10000000224
240,Emre,Koç,57,10000000225
241,Can,Koç,64,10000000226
242,Mert,Koç,23,10000000227
243,Burak,Koç,30,10000000228
244,Kerem,Koç,37,10000000229
245,Eren,Koç,44,10000000230
246,Ayşe,Koç,51,10000000231
247,Fatma,Koç,58,10000000232
248,Zeynep,Koç,65,10000000233
249,Elif,Koç,24,10000000234
250,Buse,Koç,31,10000000235
251,Ceren,Koç,38,10000000236
252,Derya,Koç,45,10000000237
253,Seda,Koç,52,10000000238
254,Esra,Koç,59,10000000239
255,İrem,Koç,18,10000000240
256,Ahmet,Kurt,25,10000000241
257,Mehmet,Kurt,32,10000000242
258,Ali,Kurt,39,10000000243
259,Mustafa,Kurt,46,10000000244
260,Emre,Kurt,53,10000000245
261,Can,Kurt,60,10000000246
262,Mert,Kurt,19,10000000247
263,Burak,Kurt,26,10000000248
264,Kerem,Kurt,33,10000000249
265,Eren,Kurt,40,10000000250
266,Ayşe,Kurt,47,10000000251
267,Fatma,Kurt,54,10000000252
268,Zeynep,Kurt,61,10000000253
269,Elif,Kurt,20,10000000254
270,Buse,Kurt,27,10000000255
271,Ceren,Kurt,34,10000000256
272,Derya,Kurt,41,10000000257
273,Seda,Kurt,48,10000000258
274,Esra,Kurt,55,10000000259
275,İrem,Kurt,62,10000000260
276,Ahmet,Özdemir,21,10000000261
277,Mehmet,Özdemir,28,10000000262
278,Ali,Özdemir,35,10000000263
279,Mustafa,Özdemir,42,10000000264
280,Emre,Özdemir,49,10000000265
281,Can,Özdemir,56,10000000266
282,Mert,Özdemir,63,10000000267
283,Burak,Özdemir,22,10000000268
284,Kerem,Özdemir,29,10000000269
285,Eren,Özdemir,36,10000000270
286,Ayşe,Özdemir,43,10000000271
287,Fatma,Özdemir,50,10000000272
288,Zeynep,Özdemir,57,10000000273
289,Elif,Özdemir,64,10000000274
290,Buse,Özdemir,23,10000000275
291,Ceren,Özdemir,30,10000000276
292,Derya,Özdemir,37,10000000277
293,Seda,Özdemir,44,10000000278
294,Esra,Özdemir,51,10000000279
295,İrem,Özdemir,58,10000000280
296,Ahmet,Polat,65,10000000281
297,Mehmet,Polat,24,10000000282
298,Ali,Polat,31,10000000283
299,Mustafa,Polat,38,10000000284
300,Emre,Polat,45,10000000285
301,Can,Polat,52,10000000286
302,Mert,Polat,59,10000000287
303,Burak,Polat,18,10000000288
304,Kerem,Polat,25,10000000289
305,Eren,Polat,32,10000000290
306,Ayşe,Polat,39,10000000291
307,Fatma,Polat,46,10000000292
308,Zeynep,Polat,53,10000000293
309,Elif,Polat,60,10000000294
310,Buse,Polat,19,10000000295
311,Ceren,Polat,26,10000000296
312,Derya,Polat,33,10000000297
313,Seda,Polat,40,10000000298
314,Esra,Polat,47,10000000299
315,İrem,Polat,54,10000000300
316,Ahmet,Aksoy,61,10000000301
317,Mehmet,Aksoy,20,10000000302
318,Ali,Aksoy,27,10000000303
319,Mustafa,Aksoy,34,10000000304
320,Emre,Aksoy,41,10000000305
321,Can,Aksoy,48,10000000306
322,Mert,Aksoy,55,10000000307
323,Burak,Aksoy,62,10000000308
324,Kerem,Aksoy,21,10000000309
325,Eren,Aksoy,28,10000000310
326,Ayşe,Aksoy,35,10000000311
327,Fatma,Aksoy,42,10000000312
328,Zeynep,Aksoy,49,10000000313
329,Elif,Aksoy,56,10000000314
330,Buse,Aksoy,63,10000000315
331,Ceren,Aksoy,22,10000000316
332,Derya,Aksoy,29,10000000317
333,Seda,Aksoy,36,10000000318
334,Esra,Aksoy,43,10000000319
335,İrem,Aksoy,50,10000000320
336,Ahmet,Güneş,57,10000000321
337,Mehmet,Güneş,64,10000000322
338,Ali,Güneş,23,10000000323
339,Mustafa,Güneş,30,10000000324
340,Emre,Güneş,37,10000000325
341,Can,Güneş,44,10000000326
342,Mert,Güneş,51,10000000327
343,Burak,Güneş,58,10000000328
344,Kerem,Güneş,65,10000000329
345,Eren,Güneş,24,10000000330
346,Ayşe,Güneş,31,10000000331
347,Fatma,Güneş,38,10000000332
348,Zeynep,Güneş,45,10000000333
349,Elif,Güneş,52,10000000334
350,Buse,Güneş,59,10000000335
351,Ceren,Güneş,18,10000000336
352,Derya,Güneş,25,10000000337
353,Seda,Güneş,32,10000000338
354,Esra,Güneş,39,10000000339
355,İrem,Güneş,46,10000000340
356,Ahmet,Yıldız,53,10000000341
357,Mehmet,Yıldız,60,10000000342
358,Ali,Yıldız,19,10000000343
359,Mustafa,Yıldız,26,10000000344
360,Emre,Yıldız,33,10000000345
361,Can,Yıldız,40,10000000346
362,Mert,Yıldız,47,10000000347
363,Burak,Yıldız,54,10000000348
364,Kerem,Yıldız,61,10000000349
365,Eren,Yıldız,20,10000000350
366,Ayşe,Yıldız,27,10000000351
367,Fatma,Yıldız,34,10000000352
368,Zeynep,Yıldız,41,10000000353
369,Elif,Yıldız,48,10000000354
370,Buse,Yıldız,55,10000000355
371,Ceren,Yıldız,62,10000000356
372,Derya,Yıldız,21,10000000357
373,Seda,Yıldız,28,10000000358
374,Esra,Yıldız,35,10000000359
375,İrem,Yıldız,42,10000000360
376,Ahmet,Tekin,49,10000000361
377,Mehmet,Tekin,56,10000000362
378,Ali,Tekin,63,10000000363
379,Mustafa,Tekin,22,10000000364
380,Emre,Tekin,29,10000000365
381,Can,Tekin,36,10000000366
382,Mert,Tekin,43,10000000367
383,Burak,Tekin,50,10000000368
384,Kerem,Tekin,57,10000000369
385,Eren,Tekin,64,10000000370
386,Ayşe,Tekin,23,10000000371
387,Fatma,Tekin,30,10000000372
388,Zeynep,Tekin,37,10000000373
389,Elif,Tekin,44,10000000374
390,Buse,Tekin,51,10000000375
391,Ceren,Tekin,58,10000000376
392,Derya,Tekin,65,10000000377
393,Seda,Tekin,24,10000000378
394,Esra,Tekin,31,10000000379
395,İrem,Tekin,38,10000000380
396,Ahmet,Erdem,45,10000000381
397,Mehmet,Erdem,52,10000000382
398,Ali,Erdem,59,10000000383
399,Mustafa,Erdem,18,10000000384
400,Emre,Erdem,25,10000000385
401,Can,Erdem,32,10000000386
402,Mert,Erdem,39,10000000387
403,Burak,Erdem,46,10000000388
404,Kerem,Erdem,53,10000000389
405,Eren,Erdem,60,10000000390
406,Ayşe,Erdem,19,10000000391
407,Fatma,Erdem,26,10000000392
408,Zeynep,Erdem,33,10000000393
409,Elif,Erdem,40,10000000394
410,Buse,Erdem,47,10000000395
411,Ceren,Erdem,54,10000000396
412,Derya,Erdem,61,10000000397
413,Seda,Erdem,20,10000000398
414,Esra,Erdem,27,10000000399
415,İrem,Erdem,34,10000000400
416,Ahmet,Yılmaz,41,10000000401
417,Mehmet,Yılmaz,48,10000000402
418,Ali,Yılmaz,55,10000000403
419,Mustafa,Yılmaz,62,10000000404
420,Emre,Yılmaz,21,10000000405
421,Can,Yılmaz,28,10000000406
422,Mert,Yılmaz,35,10000000407
423,Burak,Yılmaz,42,10000000408
424,Kerem,Yılmaz,49,10000000409
425,Eren,Yılmaz,56,10000000410
426,Ayşe,Yılmaz,63,10000000411
427,Fatma,Yılmaz,22,10000000412
428,Zeynep,Yılmaz,29,10000000413
429,Elif,Yılmaz,36,10000000414
430,Buse,Yılmaz,43,10000000415
431,Ceren,Yılmaz,50,10000000416
432,Derya,Yılmaz,57,10000000417
433,Seda,Yılmaz,64,10000000418
434,Esra,Yılmaz,23,10000000419
435,İrem,Yılmaz,30,10000000420
436,Ahmet,Kaya,37,10000000421
437,Mehmet,Kaya,44,10000000422
438,Ali,Kaya,51,10000000423
439,Mustafa,Kaya,58,10000000424
440,Emre,Kaya,65,10000000425
441,Can,Kaya,24,10000000426
442,Mert,Kaya,31,10000000427
443,Burak,Kaya,38,10000000428
444,Kerem,Kaya,45,10000000429
445,Eren,Kaya,52,10000000430
446,Ayşe,Kaya,59,10000000431
447,Fatma,Kaya,18,10000000432
448,Zeynep,Kaya,25,10000000433
449,Elif,Kaya,32,10000000434
450,Buse,Kaya,39,10000000435
451,Ceren,Kaya,46,10000000436
452,Derya,Kaya,53,10000000437
453,Seda,Kaya,60,10000000438
454,Esra,Kaya,19,10000000439
455,İrem,Kaya,26,10000000440
456,Ahmet,Demir,33,10000000441
457,Mehmet,Demir,40,10000000442
458,Ali,Demir,47,10000000443
459,Mustafa,Demir,54,10000000444
460,Emre,Demir,61,10000000445
461,Can,Demir,20,10000000446
462,Mert,Demir,27,10000000447
463,Burak,Demir,34,10000000448
464,Kerem,Demir,41,10000000449
465,Eren,Demir,48,10000000450
466,Ayşe,Demir,55,10000000451
467,Fatma,Demir,62,10000000452
468,Zeynep,Demir,21,10000000453
469,Elif,Demir,28,10000000454
470,Buse,Demir,35,10000000455
471,Ceren,Demir,42,10000000456
472,Derya,Demir,49,10000000457
473,Seda,Demir,56,10000000458
474,Esra,Demir,63,10000000459
475,İrem,Demir,22,10000000460
476,Ahmet,Çelik,29,10000000461
477,Mehmet,Çelik,36,10000000462
478,Ali,Çelik,43,10000000463
479,Mustafa,Çelik,50,10000000464
480,Emre,Çelik,57,10000000465
481,Can,Çelik,64,10000000466
482,Mert,Çelik,23,10000000467
483,Burak,Çelik,30,10000000468
484,Kerem,Çelik,37,10000000469
485,Eren,Çelik,44,10000000470
486,Ayşe,Çelik,51,10000000471
487,Fatma,Çelik,58,10000000472
488,Zeynep,Çelik,65,10000000473
489,Elif,Çelik,24,10000000474
490,Buse,Çelik,31,10000000475
491,Ceren,Çelik,38,10000000476
492,Derya,Çelik,45,10000000477
493,Seda,Çelik,52,10000000478
494,Esra,Çelik,59,10000000479
495,İrem,Çelik,18,10000000480
496,Ahmet,Şahin,25,10000000481
497,Mehmet,Şahin,32,10000000482
498,Ali,Şahin,39,10000000483
499,Mustafa,Şahin,46,10000000484
500,Emre,Şahin,53,10000000485
501,Can,Şahin,60,10000000486
502,Mert,Şahin,19,10000000487
503,Burak,Şahin,26,10000000488
504,Kerem,Şahin,33,10000000489
505,Eren,Şahin,40,10000000490
506,Ayşe,Şahin,47,10000000491
507,Fatma,Şahin,54,10000000492
508,Zeynep,Şahin,61,10000000493
509,Elif,Şahin,20,10000000494
510,Buse,Şahin,27,10000000495
511,Ceren,Şahin,34,10000000496
512,Derya,Şahin,41,10000000497
513,Seda,Şahin,48,10000000498
514,Esra,Şahin,55,10000000499
515,İrem,Şahin,62,10000000500
516,Ahmet,Aydın,21,10000000501
517,Mehmet,Aydın,28,10000000502
518,Ali,Aydın,35,10000000503
519,Mustafa,Aydın,42,10000000504
520,Emre,Aydın,49,10000000505
521,Can,Aydın,56,10000000506
522,Mert,Aydın,63,10000000507
523,Burak,Aydın,22,10000000508
524,Kerem,Aydın,29,10000000509
525,Eren,Aydın,36,10000000510
526,Ayşe,Aydın,43,10000000511
527,Fatma,Aydın,50,10000000512
528,Zeynep,Aydın,57,10000000513
529,Elif,Aydın,64,10000000514
530,Buse,Aydın,23,10000000515
531,Ceren,Aydın,30,10000000516
532,Derya,Aydın,37,10000000517
533,Seda,Aydın,44,10000000518
534,Esra,Aydın,51,10000000519
535,İrem,Aydın,58,10000000520
536,Ahmet,Öztürk,65,10000000521
537,Mehmet,Öztürk,24,10000000522
538,Ali,Öztürk,31,10000000523
539,Mustafa,Öztürk,38,10000000524
540,Emre,Öztürk,45,10000000525
541,Can,Öztürk,52,10000000526
542,Mert,Öztürk,59,10000000527
543,Burak,Öztürk,18,10000000528
544,Kerem,Öztürk,25,10000000529
545,Eren,Öztürk,32,10000000530
546,Ayşe,Öztürk,39,10000000531
547,Fatma,Öztürk,46,10000000532
548,Zeynep,Öztürk,53,10000000533
549,Elif,Öztürk,60,10000000534
550,Buse,Öztürk,19,10000000535
551,Ceren,Öztürk,26,10000000536
552,Derya,Öztürk,33,10000000537
553,Seda,Öztürk,40,10000000538
554,Esra,Öztürk,47,10000000539
555,İrem,Öztürk,54,10000000540
556,Ahmet,Arslan,61,10000000541
557,Mehmet,Arslan,20,10000000542
558,Ali,Arslan,27,10000000543
559,Mustafa,Arslan,34,10000000544
560,Emre,Arslan,41,10000000545
561,Can,Arslan,48,10000000546
562,Mert,Arslan,55,10000000547
563,Burak,Arslan,62,10000000548
564,Kerem,Arslan,21,10000000549
565,Eren,Arslan,28,10000000550
566,Ayşe,Arslan,35,10000000551
567,Fatma,Arslan,42,10000000552
568,Zeynep,Arslan,49,10000000553
569,Elif,Arslan,56,10000000554
570,Buse,Arslan,63,10000000555
571,Ceren,Arslan,22,10000000556
572,Derya,Arslan,29,10000000557
573,Seda,Arslan,36,10000000558
574,Esra,Arslan,43,10000000559
575,İrem,Arslan,50,10000000560
576,Ahmet,Doğan,57,10000000561
577,Mehmet,Doğan,64,10000000562
578,Ali,Doğan,23,10000000563
579,Mustafa,Doğan,30,10000000564
580,Emre,Doğan,37,10000000565
581,Can,Doğan,44,10000000566
582,Mert,Doğan,51,10000000567
583,Burak,Doğan,58,10000000568
584,Kerem,Doğan,65,10000000569
585,Eren,Doğan,24,10000000570
586,Ayşe,Doğan,31,10000000571
587,Fatma,Doğan,38,10000000572
588,Zeynep,Doğan,45,10000000573
589,Elif,Doğan,52,10000000574
590,Buse,Doğan,59,10000000575
591,Ceren,Doğan,18,10000000576
592,Derya,Doğan,25,10000000577
593,Seda,Doğan,32,10000000578
594,Esra,Doğan,39,10000000579
595,İrem,Doğan,46,10000000580
596,Ahmet,Kılıç,53,10000000581
597,Mehmet,Kılıç,60,10000000582
598,Ali,Kılıç,19,10000000583
599,Mustafa,Kılıç,26,10000000584
600,Emre,Kılıç,33,10000000585
601,Can,Kılıç,40,10000000586
602,Mert,Kılıç,47,10000000587
603,Burak,Kılıç,54,10000000588
604,Kerem,Kılıç,61,10000000589
605,Eren,Kılıç,20,10000000590
606,Ayşe,Kılıç,27,10000000591
607,Fatma,Kılıç,34,10000000592
608,Zeynep,Kılıç,41,10000000593
609,Elif,Kılıç,48,10000000594
610,Buse,Kılıç,55,10000000595
611,Ceren,Kılıç,62,10000000596
612,Derya,Kılıç,21,10000000597
613,Seda,Kılıç,28,10000000598
614,Esra,Kılıç,35,10000000599
615,İrem,Kılıç,42,10000000600
616,Ahmet,Aslan,49,10000000601
617,Mehmet,Aslan,56,10000000602
618,Ali,Aslan,63,10000000603
619,Mustafa,Aslan,22,10000000604
620,Emre,Aslan,29,10000000605
621,Can,Aslan,36,10000000606
622,Mert,Aslan,43,10000000607
623,Burak,Aslan,50,10000000608
624,Kerem,Aslan,57,10000000609
625,Eren,Aslan,64,10000000610
626,Ayşe,Aslan,23,10000000611
627,Fatma,Aslan,30,10000000612
628,Zeynep,Aslan,37,10000000613
629,Elif,Aslan,44,10000000614
630,Buse,Aslan,51,10000000615
631,Ceren,Aslan,58,10000000616
632,Derya,Aslan,65,10000000617
633,Seda,Aslan,24,10000000618
634,Esra,Aslan,31,10000000619
635,İrem,Aslan,38,10000000620
636,Ahmet,Koç,45,10000000621
637,Mehmet,Koç,52,10000000622
638,Ali,Koç,59,10000000623
639,Mustafa,Koç,18,10000000624
640,Emre,Koç,25,10000000625
641,Can,Koç,32,10000000626
642,Mert,Koç,39,10000000627
643,Burak,Koç,46,10000000628
644,Kerem,Koç,53,10000000629
645,Eren,Koç,60,10000000630
646,Ayşe,Koç,19,10000000631
647,Fatma,Koç,26,10000000632
648,Zeynep,Koç,33,10000000633
649,Elif,Koç,40,10000000634
650,Buse,Koç,47,10000000635
651,Ceren,Koç,54,10000000636
652,Derya,Koç,61,10000000637
653,Seda,Koç,20,10000000638
654,Esra,Koç,27,10000000639
655,İrem,Koç,34,10000000640
656,Ahmet,Kurt,41,10000000641
657,Mehmet,Kurt,48,10000000642
658,Ali,Kurt,55,10000000643
659,Mustafa,Kurt,62,10000000644
660,Emre,Kurt,21,10000000645
661,Can,Kurt,28,10000000646
662,Mert,Kurt,35,10000000647
663,Burak,Kurt,42,10000000648
664,Kerem,Kurt,49,10000000649
665,Eren,Kurt,56,10000000650
666,Ayşe,Kurt,63,10000000651
667,Fatma,Kurt,22,10000000652
668,Zeynep,Kurt,29,10000000653
669,Elif,Kurt,36,10000000654
670,Buse,Kurt,43,10000000655
671,Ceren,Kurt,50,10000000656
672,Derya,Kurt,57,10000000657
673,Seda,Kurt,64,10000000658
674,Esra,Kurt,23,10000000659
675,İrem,Kurt,30,10000000660
676,Ahmet,Özdemir,37,10000000661
677,Mehmet,Özdemir,44,10000000662
678,Ali,Özdemir,51,10000000663
679,Mustafa,Özdemir,58,10000000664
680,Emre,Özdemir,65,10000000665
681,Can,Özdemir,24,10000000666
682,Mert,Özdemir,31,10000000667
683,Burak,Özdemir,38,10000000668
684,Kerem,Özdemir,45,10000000669
685,Eren,Özdemir,52,10000000670
686,Ayşe,Özdemir,59,10000000671
687,Fatma,Özdemir,18,10000000672
688,Zeynep,Özdemir,25,10000000673
689,Elif,Özdemir,32,10000000674
690,Buse,Özdemir,39,10000000675
691,Ceren,Özdemir,46,10000000676
692,Derya,Özdemir,53,10000000677
693,Seda,Özdemir,60,10000000678
694,Esra,Özdemir,19,10000000679
695,İrem,Özdemir,26,10000000680
696,Ahmet,Polat,33,10000000681
697,Mehmet,Polat,40,10000000682
698,Ali,Polat,47,10000000683
699,Mustafa,Polat,54,10000000684
700,Emre,Polat,61,10000000685
701,Can,Polat,20,10000000686
702,Mert,Polat,27,10000000687
703,Burak,Polat,34,10000000688
704,Kerem,Polat,41,10000000689
705,Eren,Polat,48,10000000690
706,Ayşe,Polat,55,10000000691
707,Fatma,Polat,62,10000000692
708,Zeynep,Polat,21,10000000693
709,Elif,Polat,28,10000000694
710,Buse,Polat,35,10000000695
711,Ceren,Polat,42,10000000696
712,Derya,Polat,49,10000000697
713,Seda,Polat,56,10000000698
714,Esra,Polat,63,10000000699
715,İrem,Polat,22,10000000700
716,Ahmet,Aksoy,29,10000000701
717,Mehmet,Aksoy,36,10000000702
718,Ali,Aksoy,43,10000000703
719,Mustafa,Aksoy,50,10000000704
720,Emre,Aksoy,57,10000000705
721,Can,Aksoy,64,10000000706
722,Mert,Aksoy,23,10000000707
723,Burak,Aksoy,30,10000000708
724,Kerem,Aksoy,37,10000000709
725,Eren,Aksoy,44,10000000710
726,Ayşe,Aksoy,51,10000000711
727,Fatma,Aksoy,58,10000000712
728,Zeynep,Aksoy,65,10000000713
729,Elif,Aksoy,24,10000000714
730,Buse,Aksoy,31,10000000715
731,Ceren,Aksoy,38,10000000716
732,Derya,Aksoy,45,10000000717
733,Seda,Aksoy,52,10000000718
734,Esra,Aksoy,59,10000000719
735,İrem,Aksoy,18,10000000720
736,Ahmet,Güneş,25,10000000721
737,Mehmet,Güneş,32,10000000722
738,Ali,Güneş,39,10000000723
739,Mustafa,Güneş,46,10000000724
740,Emre,Güneş,53,10000000725
741,Can,Güneş,60,10000000726
742,Mert,Güneş,19,10000000727
743,Burak,Güneş,26,10000000728
744,Kerem,Güneş,33,10000000729
745,Eren,Güneş,40,10000000730
746,Ayşe,Güneş,47,10000000731
747,Fatma,Güneş,54,10000000732
748,Zeynep,Güneş,61,10000000733
749,Elif,Güneş,20,10000000734
750,Buse,Güneş,27,10000000735
751,Ceren,Güneş,34,10000000736
752,Derya,Güneş,41,10000000737
753,Seda,Güneş,48,10000000738
754,Esra,Güneş,55,10000000739
755,İrem,Güneş,62,10000000740
756,Ahmet,Yıldız,21,10000000741
757,Mehmet,Yıldız,28,10000000742
758,Ali,Yıldız,35,10000000743
759,Mustafa,Yıldız,42,10000000744
760,Emre,Yıldız,49,10000000745
761,Can,Yıldız,56,10000000746
762,Mert,Yıldız,63,10000000747
763,Burak,Yıldız,22,10000000748
764,Kerem,Yıldız,29,10000000749
765,Eren,Yıldız,36,10000000750
766,Ayşe,Yıldız,43,10000000751
767,Fatma,Yıldız,50,10000000752
768,Zeynep,Yıldız,57,10000000753
769,Elif,Yıldız,64,10000000754
770,Buse,Yıldız,23,10000000755
771,Ceren,Yıldız,30,10000000756
772,Derya,Yıldız,37,10000000757
773,Seda,Yıldız,44,10000000758
774,Esra,Yıldız,51,10000000759
775,İrem,Yıldız,58,10000000760
776,Ahmet,Tekin,65,10000000761
777,Mehmet,Tekin,24,10000000762
778,Ali,Tekin,31,10000000763
779,Mustafa,Tekin,38,10000000764
780,Emre,Tekin,45,10000000765
781,Can,Tekin,52,10000000766
782,Mert,Tekin,59,10000000767
783,Burak,Tekin,18,10000000768
784,Kerem,Tekin,25,10000000769
785,Eren,Tekin,32,10000000770
786,Ayşe,Tekin,39,10000000771
787,Fatma,Tekin,46,10000000772
788,Zeynep,Tekin,53,10000000773
789,Elif,Tekin,60,10000000774
790,Buse,Tekin,19,10000000775
791,Ceren,Tekin,26,10000000776
792,Derya,Tekin,33,10000000777
793,Seda,Tekin,40,10000000778
794,Esra,Tekin,47,10000000779
795,İrem,Tekin,54,10000000780
796,Ahmet,Erdem,61,10000000781
797,Mehmet,Erdem,20,10000000782
798,Ali,Erdem,27,10000000783
799,Mustafa,Erdem,34,10000000784
800,Emre,Erdem,41,10000000785
801,Can,Erdem,48,10000000786
802,Mert,Erdem,55,10000000787
803,Burak,Erdem,62,10000000788
804,Kerem,Erdem,21,10000000789
805,Eren,Erdem,28,10000000790
806,Ayşe,Erdem,35,10000000791
807,Fatma,Erdem,42,10000000792
808,Zeynep,Erdem,49,10000000793
809,Elif,Erdem,56,10000000794
810,Buse,Erdem,63,10000000795
811,Ceren,Erdem,22,10000000796
812,Derya,Erdem,29,10000000797
813,Seda,Erdem,36,10000000798
814,Esra,Erdem,43,10000000799
815,İrem,Erdem,50,10000000800
816,Ahmet,Yılmaz,57,10000000801
817,Mehmet,Yılmaz,64,10000000802
818,Ali,Yılmaz,23,10000000803
819,Mustafa,Yılmaz,30,10000000804
820,Emre,Yılmaz,37,10000000805
821,Can,Yılmaz,44,10000000806
822,Mert,Yılmaz,51,10000000807
823,Burak,Yılmaz,58,10000000808
824,Kerem,Yılmaz,65,10000000809
825,Eren,Yılmaz,24,10000000810
826,Ayşe,Yılmaz,31,10000000811
827,Fatma,Yılmaz,38,10000000812
828,Zeynep,Yılmaz,45,10000000813
829,Elif,Yılmaz,52,10000000814
830,Buse,Yılmaz,59,10000000815
831,Ceren,Yılmaz,18,10000000816
832,Derya,Yılmaz,25,10000000817
833,Seda,Yılmaz,32,10000000818
834,Esra,Yılmaz,39,10000000819
835,İrem,Yılmaz,46,10000000820
836,Ahmet,Kaya,53,10000000821
837,Mehmet,Kaya,60,10000000822
838,Ali,Kaya,19,10000000823
839,Mustafa,Kaya,26,10000000824
840,Emre,Kaya,33,10000000825
841,Can,Kaya,40,10000000826
842,Mert,Kaya,47,10000000827
843,Burak,Kaya,54,10000000828
844,Kerem,Kaya,61,10000000829
845,Eren,Kaya,20,10000000830
846,Ayşe,Kaya,27,10000000831
847,Fatma,Kaya,34,10000000832
848,Zeynep,Kaya,41,10000000833
849,Elif,Kaya,48,10000000834
850,Buse,Kaya,55,10000000835
851,Ceren,Kaya,62,10000000836
852,Derya,Kaya,21,10000000837
853,Seda,Kaya,28,10000000838
854,Esra,Kaya,35,10000000839
855,İrem,Kaya,42,10000000840
856,Ahmet,Demir,49,10000000841
857,Mehmet,Demir,56,10000000842
858,Ali,Demir,63,10000000843
859,Mustafa,Demir,22,10000000844
860,Emre,Demir,29,10000000845
861,Can,Demir,36,10000000846
862,Mert,Demir,43,10000000847
863,Burak,Demir,50,10000000848
864,Kerem,Demir,57,10000000849
865,Eren,Demir,64,10000000850
866,Ayşe,Demir,23,10000000851
867,Fatma,Demir,30,10000000852
868,Zeynep,Demir,37,10000000853
869,Elif,Demir,44,10000000854
870,Buse,Demir,51,10000000855
871,Ceren,Demir,58,10000000856
872,Derya,Demir,65,10000000857
873,Seda,Demir,24,10000000858
874,Esra,Demir,31,10000000859
875,İrem,Demir,38,10000000860
876,Ahmet,Çelik,45,10000000861
877,Mehmet,Çelik,52,10000000862
878,Ali,Çelik,59,10000000863
879,Mustafa,Çelik,18,10000000864
880,Emre,Çelik,25,10000000865
881,Can,Çelik,32,10000000866
882,Mert,Çelik,39,10000000867
883,Burak,Çelik,46,10000000868
884,Kerem,Çelik,53,10000000869
885,Eren,Çelik,60,10000000870
886,Ayşe,Çelik,19,10000000871
887,Fatma,Çelik,26,10000000872
888,Zeynep,Çelik,33,10000000873
889,Elif,Çelik,40,10000000874
890,Buse,Çelik,47,10000000875
891,Ceren,Çelik,54,10000000876
892,Derya,Çelik,61,10000000877
893,Seda,Çelik,20,10000000878
894,Esra,Çelik,27,10000000879
895,İrem,Çelik,34,10000000880
896,Ahmet,Şahin,41,10000000881
897,Mehmet,Şahin,48,10000000882
898,Ali,Şahin,55,10000000883
899,Mustafa,Şahin,62,10000000884
900,Emre,Şahin,21,10000000885
901,Can,Şahin,28,10000000886
902,Mert,Şahin,35,10000000887
903,Burak,Şahin,42,10000000888
904,Kerem,Şahin,49,10000000889
905,Eren,Şahin,56,10000000890
906,Ayşe,Şahin,63,10000000891
907,Fatma,Şahin,22,10000000892
908,Zeynep,Şahin,29,10000000893
909,Elif,Şahin,36,10000000894
910,Buse,Şahin,43,10000000895
911,Ceren,Şahin,50,10000000896
912,Derya,Şahin,57,10000000897
913,Seda,Şahin,64,10000000898
914,Esra,Şahin,23,10000000899
915,İrem,Şahin,30,10000000900
916,Ahmet,Aydın,37,10000000901
917,Mehmet,Aydın,44,10000000902
918,Ali,Aydın,51,10000000903
919,Mustafa,Aydın,58,10000000904
920,Emre,Aydın,65,10000000905
921,Can,Aydın,24,10000000906
922,Mert,Aydın,31,10000000907
923,Burak,Aydın,38,10000000908
924,Kerem,Aydın,45,10000000909
925,Eren,Aydın,52,10000000910
926,Ayşe,Aydın,59,10000000911
927,Fatma,Aydın,18,10000000912
928,Zeynep,Aydın,25,10000000913
929,Elif,Aydın,32,10000000914
930,Buse,Aydın,39,10000000915
931,Ceren,Aydın,46,10000000916
932,Derya,Aydın,53,10000000917
933,Seda,Aydın,60,10000000918
934,Esra,Aydın,19,10000000919
935,İrem,Aydın,26,10000000920
936,Ahmet,Öztürk,33,10000000921
937,Mehmet,Öztürk,40,10000000922
938,Ali,Öztürk,47,10000000923
939,Mustafa,Öztürk,54,10000000924
940,Emre,Öztürk,61,10000000925
941,Can,Öztürk,20,10000000926
942,Mert,Öztürk,27,10000000927
943,Burak,Öztürk,34,10000000928
944,Kerem,Öztürk,41,10000000929
945,Eren,Öztürk,48,10000000930
946,Ayşe,Öztürk,55,10000000931
947,Fatma,Öztürk,62,10000000932
948,Zeynep,Öztürk,21,10000000933
949,Elif,Öztürk,28,10000000934
950,Buse,Öztürk,35,10000000935
951,Ceren,Öztürk,42,10000000936
952,Derya,Öztürk,49,10000000937
953,Seda,Öztürk,56,10000000938
954,Esra,Öztürk,63,10000000939
955,İrem,Öztürk,22,10000000940
956,Ahmet,Arslan,29,10000000941
957,Mehmet,Arslan,36,10000000942
958,Ali,Arslan,43,10000000943
959,Mustafa,Arslan,50,10000000944
960,Emre,Arslan,57,10000000945
961,Can,Arslan,64,10000000946
962,Mert,Arslan,23,10000000947
963,Burak,Arslan,30,10000000948
964,Kerem,Arslan,37,10000000949
965,Eren,Arslan,44,10000000950
966,Ayşe,Arslan,51,10000000951
967,Fatma,Arslan,58,10000000952
968,Zeynep,Arslan,65,10000000953
969,Elif,Arslan,24,10000000954
970,Buse,Arslan,31,10000000955
971,Ceren,Arslan,38,10000000956
972,Derya,Arslan,45,10000000957
973,Seda,Arslan,52,10000000958
974,Esra,Arslan,59,10000000959
975,İrem,Arslan,18,10000000960
976,Ahmet,Doğan,25,10000000961
977,Mehmet,Doğan,32,10000000962
978,Ali,Doğan,39,10000000963
979,Mustafa,Doğan,46,10000000964
980,Emre,Doğan,53,10000000965
981,Can,Doğan,60,10000000966
982,Mert,Doğan,19,10000000967
983,Burak,Doğan,26,10000000968
984,Kerem,Doğan,33,10000000969
985,Eren,Doğan,40,10000000970
986,Ayşe,Doğan,47,10000000971
987,Fatma,Doğan,54,10000000972
988,Zeynep,Doğan,61,10000000973
989,Elif,Doğan,20,10000000974
990,Buse,Doğan,27,10000000975
991,Ceren,Doğan,34,10000000976
992,Derya,Doğan,41,10000000977
993,Seda,Doğan,48,10000000978
994,Esra,Doğan,55,10000000979
995,İrem,Doğan,62,10000000980
996,Ahmet,Kılıç,21,10000000981
997,Mehmet,Kılıç,28,10000000982
998,Ali,Kılıç,35,10000000983
999,Mustafa,Kılıç,42,10000000984
1000,Emre,Kılıç,49,10000000985
1001,Can,Kılıç,56,10000000986
1002,Mert,Kılıç,63,10000000987
1003,Burak,Kılıç,22,10000000988
1004,Kerem,Kılıç,29,10000000989
1005,Eren,Kılıç,36,10000000990
1006,Ayşe,Kılıç,43,10000000991
1007,Fatma,Kılıç,50,10000000992
1008,Zeynep,Kılıç,57,10000000993
1009,Elif,Kılıç,64,10000000994
1010,Buse,Kılıç,23,10000000995
1011,Ceren,Kılıç,30,10000000996
1012,Derya,Kılıç,37,10000000997
1013,Seda,Kılıç,44,10000000998
1014,Esra,Kılıç,51,10000000999
1015,İrem,Kılıç,58,10000001000
1016,Ahmet,Aslan,65,10000001001
1017,Mehmet,Aslan,24,10000001002
1018,Ali,Aslan,31,10000001003
1019,Mustafa,Aslan,38,10000001004
1020,Emre,Aslan,45,10000001005
1021,Can,Aslan,52,10000001006
1022,Mert,Aslan,59,10000001007
1023,Burak,Aslan,18,10000001008
1024,Kerem,Aslan,25,10000001009
1025,Eren,Aslan,32,10000001010
1026,Ayşe,Aslan,39,10000001011
1027,Fatma,Aslan,46,10000001012
1028,Zeynep,Aslan,53,10000001013
1029,Elif,Aslan,60,10000001014
1030,Buse,Aslan,19,10000001015
1031,Ceren,Aslan,26,10000001016
1032,Derya,Aslan,33,10000001017
1033,Seda,Aslan,40,10000001018
1034,Esra,Aslan,47,10000001019
1035,İrem,Aslan,54,10000001020
1036,Ahmet,Koç,61,10000001021
1037,Mehmet,Koç,20,10000001022
1038,Ali,Koç,27,10000001023
1039,Mustafa,Koç,34,10000001024
1040,Emre,Koç,41,10000001025
1041,Can,Koç,48,10000001026
1042,Mert,Koç,55,10000001027
1043,Burak,Koç,62,10000001028
1044,Kerem,Koç,21,10000001029
1045,Eren,Koç,28,10000001030
1046,Ayşe,Koç,35,10000001031
1047,Fatma,Koç,42,10000001032
1048,Zeynep,Koç,49,10000001033
1049,Elif,Koç,56,10000001034
1050,Buse,Koç,63,10000001035
1051,Ceren,Koç,22,10000001036
1052,Derya,Koç,29,10000001037
1053,Seda,Koç,36,10000001038
1054,Esra,Koç,43,10000001039
1055,İrem,Koç,50,10000001040
1056,Ahmet,Kurt,57,10000001041
1057,Mehmet,Kurt,64,10000001042
1058,Ali,Kurt,23,10000001043
1059,Mustafa,Kurt,30,10000001044
1060,Emre,Kurt,37,10000001045
1061,Can,Kurt,44,10000001046
1062,Mert,Kurt,51,10000001047
1063,Burak,Kurt,58,10000001048
1064,Kerem,Kurt,65,10000001049
1065,Eren,Kurt,24,10000001050
1066,Ayşe,Kurt,31,10000001051
1067,Fatma,Kurt,38,10000001052
1068,Zeynep,Kurt,45,10000001053
1069,Elif,Kurt,52,10000001054
1070,Buse,Kurt,59,10000001055
1071,Ceren,Kurt,18,10000001056
1072,Derya,Kurt,25,10000001057
1073,Seda,Kurt,32,10000001058
1074,Esra,Kurt,39,10000001059
1075,İrem,Kurt,46,10000001060
1076,Ahmet,Özdemir,53,10000001061
1077,Mehmet,Özdemir,60,10000001062
1078,Ali,Özdemir,19,10000001063
1079,Mustafa,Özdemir,26,10000001064
1080,Emre,Özdemir,33,10000001065
1081,Can,Özdemir,40,10000001066
1082,Mert,Özdemir,47,10000001067
1083,Burak,Özdemir,54,10000001068
1084,Kerem,Özdemir,61,10000001069
1085,Eren,Özdemir,20,10000001070
1086,Ayşe,Özdemir,27,10000001071
1087,Fatma,Özdemir,34,10000001072
1088,Zeynep,Özdemir,41,10000001073
1089,Elif,Özdemir,48,10000001074
1090,Buse,Özdemir,55,10000001075
1091,Ceren,Özdemir,62,10000001076
1092,Derya,Özdemir,21,10000001077
1093,Seda,Özdemir,28,10000001078
1094,Esra,Özdemir,35,10000001079
1095,İrem,Özdemir,42,10000001080
1096,Ahmet,Polat,49,10000001081
1097,Mehmet,Polat,56,10000001082
1098,Ali,Polat,63,10000001083
1099,Mustafa,Polat,22,10000001084
1100,Emre,Polat,29,10000001085
1101,Can,Polat,36,10000001086
1102,Mert,Polat,43,10000001087
1103,Burak,Polat,50,10000001088
1104,Kerem,Polat,57,10000001089
1105,Eren,Polat,64,10000001090
1106,Ayşe,Polat,23,10000001091
1107,Fatma,Polat,30,10000001092
1108,Zeynep,Polat,37,10000001093
1109,Elif,Polat,44,10000001094
1110,Buse,Polat,51,10000001095
1111,Ceren,Polat,58,10000001096
1112,Derya,Polat,65,10000001097
1113,Seda,Polat,24,10000001098
1114,Esra,Polat,31,10000001099
1115,İrem,Polat,38,10000001100
1116,Ahmet,Aksoy,45,10000001101
1117,Mehmet,Aksoy,52,10000001102
1118,Ali,Aksoy,59,10000001103
1119,Mustafa,Aksoy,18,10000001104
1120,Emre,Aksoy,25,10000001105
1121,Can,Aksoy,32,10000001106
1122,Mert,Aksoy,39,10000001107
1123,Burak,Aksoy,46,10000001108
1124,Kerem,Aksoy,53,10000001109
1125,Eren,Aksoy,60,10000001110
1126,Ayşe,Aksoy,19,10000001111
1127,Fatma,Aksoy,26,10000001112
1128,Zeynep,Aksoy,33,10000001113
1129,Elif,Aksoy,40,10000001114
1130,Buse,Aksoy,47,10000001115
1131,Ceren,Aksoy,54,10000001116
1132,Derya,Aksoy,61,10000001117
1133,Seda,Aksoy,20,10000001118
1134,Esra,Aksoy,27,10000001119
1135,İrem,Aksoy,34,10000001120
1136,Ahmet,Güneş,41,10000001121
1137,Mehmet,Güneş,48,10000001122
1138,Ali,Güneş,55,10000001123
1139,Mustafa,Güneş,62,10000001124
1140,Emre,Güneş,21,10000001125
1141,Can,Güneş,28,10000001126
1142,Mert,Güneş,35,10000001127
1143,Burak,Güneş,42,10000001128
1144,Kerem,Güneş,49,10000001129
1145,Eren,Güneş,56,10000001130
1146,Ayşe,Güneş,63,10000001131
1147,Fatma,Güneş,22,10000001132
1148,Zeynep,Güneş,29,10000001133
1149,Elif,Güneş,36,10000001134
1150,Buse,Güneş,43,10000001135
1151,Ceren,Güneş,50,10000001136
1152,Derya,Güneş,57,10000001137
1153,Seda,Güneş,64,10000001138
1154,Esra,Güneş,23,10000001139
1155,İrem,Güneş,30,10000001140
1156,Ahmet,Yıldız,37,10000001141
1157,Mehmet,Yıldız,44,10000001142
1158,Ali,Yıldız,51,10000001143
1159,Mustafa,Yıldız,58,10000001144
1160,Emre,Yıldız,65,10000001145
1161,Can,Yıldız,24,10000001146
1162,Mert,Yıldız,31,10000001147
1163,Burak,Yıldız,38,10000001148
1164,Kerem,Yıldız,45,10000001149
1165,Eren,Yıldız,52,10000001150
1166,Ayşe,Yıldız,59,10000001151
1167,Fatma,Yıldız,18,10000001152
1168,Zeynep,Yıldız,25,10000001153
1169,Elif,Yıldız,32,10000001154
1170,Buse,Yıldız,39,10000001155
1171,Ceren,Yıldız,46,10000001156
1172,Derya,Yıldız,53,10000001157
1173,Seda,Yıldız,60,10000001158
1174,Esra,Yıldız,19,10000001159
1175,İrem,Yıldız,26,10000001160
1176,Ahmet,Tekin,33,10000001161
1177,Mehmet,Tekin,40,10000001162
1178,Ali,Tekin,47,10000001163
1179,Mustafa,Tekin,54,10000001164
1180,Emre,Tekin,61,10000001165
1181,Can,Tekin,20,10000001166
1182,Mert,Tekin,27,10000001167
1183,Burak,Tekin,34,10000001168
1184,Kerem,Tekin,41,10000001169
1185,Eren,Tekin,48,10000001170
1186,Ayşe,Tekin,55,10000001171
1187,Fatma,Tekin,62,10000001172
1188,Zeynep,Tekin,21,10000001173
1189,Elif,Tekin,28,10000001174
1190,Buse,Tekin,35,10000001175
1191,Ceren,Tekin,42,10000001176
1192,Derya,Tekin,49,10000001177
1193,Seda,Tekin,56,10000001178
1194,Esra,Tekin,63,10000001179
1195,İrem,Tekin,22,10000001180
1196,Ahmet,Erdem,29,10000001181
1197,Mehmet,Erdem,36,10000001182
1198,Ali,Erdem,43,10000001183
1199,Mustafa,Erdem,50,10000001184
1200,Emre,Erdem,57,10000001185
1201,Can,Erdem,64,10000001186
1202,Mert,Erdem,23,10000001187
1203,Burak,Erdem,30,10000001188
1204,Kerem,Erdem,37,10000001189
1205,Eren,Erdem,44,10000001190
1206,Ayşe,Erdem,51,10000001191
1207,Fatma,Erdem,58,10000001192
1208,Zeynep,Erdem,65,10000001193
1209,Elif,Erdem,24,10000001194
1210,Buse,Erdem,31,10000001195
1211,Ceren,Erdem,38,10000001196
1212,Derya,Erdem,45,10000001197
1213,Seda,Erdem,52,10000001198
1214,Esra,Erdem,59,10000001199
1215,İrem,Erdem,18,10000001200
1216,Ahmet,Yılmaz,25,10000001201
1217,Mehmet,Yılmaz,32,10000001202
1218,Ali,Yılmaz,39,10000001203
1219,Mustafa,Yılmaz,46,10000001204
1220,Emre,Yılmaz,53,10000001205
1221,Can,Yılmaz,60,10000001206
1222,Mert,Yılmaz,19,10000001207
1223,Burak,Yılmaz,26,10000001208
1224,Kerem,Yılmaz,33,10000001209
1225,Eren,Yılmaz,40,10000001210
1226,Ayşe,Yılmaz,47,10000001211
1227,Fatma,Yılmaz,54,10000001212
1228,Zeynep,Yılmaz,61,10000001213
1229,Elif,Yılmaz,20,10000001214
1230,Buse,Yılmaz,27,10000001215
1231,Ceren,Yılmaz,34,10000001216
1232,Derya,Yılmaz,41,10000001217
1233,Seda,Yılmaz,48,10000001218
1234,Esra,Yılmaz,55,10000001219
1235,İrem,Yılmaz,62,10000001220
1236,Ahmet,Kaya,21,10000001221
1237,Mehmet,Kaya,28,10000001222
1238,Ali,Kaya,35,10000001223
1239,Mustafa,Kaya,42,10000001224
1240,Emre,Kaya,49,10000001225
1241,Can,Kaya,56,10000001226
1242,Mert,Kaya,63,10000001227
1243,Burak,Kaya,22,10000001228
1244,Kerem,Kaya,29,10000001229
1245,Eren,Kaya,36,10000001230
1246,Ayşe,Kaya,43,10000001231
1247,Fatma,Kaya,50,10000001232
1248,Zeynep,Kaya,57,10000001233
1249,Elif,Kaya,64,10000001234
1250,Buse,Kaya,23,10000001235
1251,Ceren,Kaya,30,10000001236
1252,Derya,Kaya,37,10000001237
1253,Seda,Kaya,44,10000001238
1254,Esra,Kaya,51,10000001239
1255,İrem,Kaya,58,10000001240
1256,Ahmet,Demir,65,10000001241
1257,Mehmet,Demir,24,10000001242
1258,Ali,Demir,31,10000001243
1259,Mustafa,Demir,38,10000001244
1260,Emre,Demir,45,10000001245
1261,Can,Demir,52,10000001246
1262,Mert,Demir,59,10000001247
1263,Burak,Demir,18,10000001248
1264,Kerem,Demir,25,10000001249
1265,Eren,Demir,32,10000001250
1266,Ayşe,Demir,39,10000001251
1267,Fatma,Demir,46,10000001252
1268,Zeynep,Demir,53,10000001253
1269,Elif,Demir,60,10000001254
1270,Buse,Demir,19,10000001255
1271,Ceren,Demir,26,10000001256
1272,Derya,Demir,33,10000001257
1273,Seda,Demir,40,10000001258
1274,Esra,Demir,47,10000001259
1275,İrem,Demir,54,10000001260
1276,Ahmet,Çelik,61,10000001261
1277,Mehmet,Çelik,20,10000001262
1278,Ali,Çelik,27,10000001263
1279,Mustafa,Çelik,34,10000001264
1280,Emre,Çelik,41,10000001265
1281,Can,Çelik,48,10000001266
1282,Mert,Çelik,55,10000001267
1283,Burak,Çelik,62,10000001268
1284,Kerem,Çelik,21,10000001269
1285,Eren,Çelik,28,10000001270
1286,Ayşe,Çelik,35,10000001271
1287,Fatma,Çelik,42,10000001272
1288,Zeynep,Çelik,49,10000001273
1289,Elif,Çelik,56,10000001274
1290,Buse,Çelik,63,10000001275
1291,Ceren,Çelik,22,10000001276
1292,Derya,Çelik,29,10000001277
1293,Seda,Çelik,36,10000001278
1294,Esra,Çelik,43,10000001279
1295,İrem,Çelik,50,10000001280
1296,Ahmet,Şahin,57,10000001281
1297,Mehmet,Şahin,64,10000001282
1298,Ali,Şahin,23,10000001283
1299,Mustafa,Şahin,30,10000001284
1300,Emre,Şahin,37,10000001285
1301,Can,Şahin,44,10000001286
1302,Mert,Şahin,51,10000001287
1303,Burak,Şahin,58,10000001288
1304,Kerem,Şahin,65,10000001289
1305,Eren,Şahin,24,10000001290
1306,Ayşe,Şahin,31,10000001291
1307,Fatma,Şahin,38,10000001292
1308,Zeynep,Şahin,45,10000001293
1309,Elif,Şahin,52,10000001294
1310,Buse,Şahin,59,10000001295
1311,Ceren,Şahin,18,10000001296
1312,Derya,Şahin,25,10000001297
1313,Seda,Şahin,32,10000001298
1314,Esra,Şahin,39,10000001299
1315,İrem,Şahin,46,10000001300
1316,Ahmet,Aydın,53,10000001301
1317,Mehmet,Aydın,60,10000001302
1318,Ali,Aydın,19,10000001303
1319,Mustafa,Aydın,26,10000001304
1320,Emre,Aydın,33,10000001305
1321,Can,Aydın,40,10000001306
1322,Mert,Aydın,47,10000001307
1323,Burak,Aydın,54,10000001308
1324,Kerem,Aydın,61,10000001309
1325,Eren,Aydın,20,10000001310
1326,Ayşe,Aydın,27,10000001311
1327,Fatma,Aydın,34,10000001312
1328,Zeynep,Aydın,41,10000001313
1329,Elif,Aydın,48,10000001314
1330,Buse,Aydın,55,10000001315
1331,Ceren,Aydın,62,10000001316
1332,Derya,Aydın,21,10000001317
1333,Seda,Aydın,28,10000001318
1334,Esra,Aydın,35,10000001319
1335,İrem,Aydın,42,10000001320
1336,Ahmet,Öztürk,49,10000001321
1337,Mehmet,Öztürk,56,10000001322
1338,Ali,Öztürk,63,10000001323
1339,Mustafa,Öztürk,22,10000001324
1340,Emre,Öztürk,29,10000001325
1341,Can,Öztürk,36,10000001326
1342,Mert,Öztürk,43,10000001327
1343,Burak,Öztürk,50,10000001328
1344,Kerem,Öztürk,57,10000001329
1345,Eren,Öztürk,64,10000001330
1346,Ayşe,Öztürk,23,10000001331
1347,Fatma,Öztürk,30,10000001332
1348,Zeynep,Öztürk,37,10000001333
1349,Elif,Öztürk,44,10000001334
1350,Buse,Öztürk,51,10000001335
1351,Ceren,Öztürk,58,10000001336
1352,Derya,Öztürk,65,10000001337
1353,Seda,Öztürk,24,10000001338
1354,Esra,Öztürk,31,10000001339
1355,İrem,Öztürk,38,10000001340
1356,Ahmet,Arslan,45,10000001341
1357,Mehmet,Arslan,52,10000001342
1358,Ali,Arslan,59,10000001343
1359,Mustafa,Arslan,18,10000001344
1360,Emre,Arslan,25,10000001345
1361,Can,Arslan,32,10000001346
1362,Mert,Arslan,39,10000001347
1363,Burak,Arslan,46,10000001348
1364,Kerem,Arslan,53,10000001349
1365,Eren,Arslan,60,10000001350
1366,Ayşe,Arslan,19,10000001351
1367,Fatma,Arslan,26,10000001352
1368,Zeynep,Arslan,33,10000001353
1369,Elif,Arslan,40,10000001354
1370,Buse,Arslan,47,10000001355
1371,Ceren,Arslan,54,10000001356
1372,Derya,Arslan,61,10000001357
1373,Seda,Arslan,20,10000001358
1374,Esra,Arslan,27,10000001359
1375,İrem,Arslan,34,10000001360
1376,Ahmet,Doğan,41,10000001361
1377,Mehmet,Doğan,48,10000001362
1378,Ali,Doğan,55,10000001363
1379,Mustafa,Doğan,62,10000001364
1380,Emre,Doğan,21,10000001365
1381,Can,Doğan,28,10000001366
1382,Mert,Doğan,35,10000001367
1383,Burak,Doğan,42,10000001368
1384,Kerem,Doğan,49,10000001369
1385,Eren,Doğan,56,10000001370
1386,Ayşe,Doğan,63,10000001371
1387,Fatma,Doğan,22,10000001372
1388,Zeynep,Doğan,29,10000001373
1389,Elif,Doğan,36,10000001374
1390,Buse,Doğan,43,10000001375
1391,Ceren,Doğan,50,10000001376
1392,Derya,Doğan,57,10000001377
1393,Seda,Doğan,64,10000001378
1394,Esra,Doğan,23,10000001379
1395,İrem,Doğan,30,10000001380
1396,Ahmet,Kılıç,37,10000001381
1397,Mehmet,Kılıç,44,10000001382
1398,Ali,Kılıç,51,10000001383
1399,Mustafa,Kılıç,58,10000001384
1400,Emre,Kılıç,65,10000001385
1401,Can,Kılıç,24,10000001386
1402,Mert,Kılıç,31,10000001387
1403,Burak,Kılıç,38,10000001388
1404,Kerem,Kılıç,45,10000001389
1405,Eren,Kılıç,52,10000001390
1406,Ayşe,Kılıç,59,10000001391
1407,Fatma,Kılıç,18,10000001392
1408,Zeynep,Kılıç,25,10000001393
1409,Elif,Kılıç,32,10000001394
1410,Buse,Kılıç,39,10000001395
1411,Ceren,Kılıç,46,10000001396
1412,Derya,Kılıç,53,10000001397
1413,Seda,Kılıç,60,10000001398
1414,Esra,Kılıç,19,10000001399
1415,İrem,Kılıç,26,10000001400
1416,Ahmet,Aslan,33,10000001401
1417,Mehmet,Aslan,40,10000001402
1418,Ali,Aslan,47,10000001403
1419,Mustafa,Aslan,54,10000001404
1420,Emre,Aslan,61,10000001405
1421,Can,Aslan,20,10000001406
1422,Mert,Aslan,27,10000001407
1423,Burak,Aslan,34,10000001408
1424,Kerem,Aslan,41,10000001409
1425,Eren,Aslan,48,10000001410
1426,Ayşe,Aslan,55,10000001411
1427,Fatma,Aslan,62,10000001412
1428,Zeynep,Aslan,21,10000001413
1429,Elif,Aslan,28,10000001414
1430,Buse,Aslan,35,10000001415
1431,Ceren,Aslan,42,10000001416
1432,Derya,Aslan,49,10000001417
1433,Seda,Aslan,56,10000001418
1434,Esra,Aslan,63,10000001419
1435,İrem,Aslan,22,10000001420
1436,Ahmet,Koç,29,10000001421
1437,Mehmet,Koç,36,10000001422
1438,Ali,Koç,43,10000001423
1439,Mustafa,Koç,50,10000001424
1440,Emre,Koç,57,10000001425
1441,Can,Koç,64,10000001426
1442,Mert,Koç,23,10000001427
1443,Burak,Koç,30,10000001428
1444,Kerem,Koç,37,10000001429
1445,Eren,Koç,44,10000001430
1446,Ayşe,Koç,51,10000001431
1447,Fatma,Koç,58,10000001432
1448,Zeynep,Koç,65,10000001433
1449,Elif,Koç,24,10000001434
1450,Buse,Koç,31,10000001435
1451,Ceren,Koç,38,10000001436
1452,Derya,Koç,45,10000001437
1453,Seda,Koç,52,10000001438
1454,Esra,Koç,59,10000001439
1455,İrem,Koç,18,10000001440
1456,Ahmet,Kurt,25,10000001441
1457,Mehmet,Kurt,32,10000001442
1458,Ali,Kurt,39,10000001443
1459,Mustafa,Kurt,46,10000001444
1460,Emre,Kurt,53,10000001445
1461,Can,Kurt,60,10000001446
1462,Mert,Kurt,19,10000001447
1463,Burak,Kurt,26,10000001448
1464,Kerem,Kurt,33,10000001449
1465,Eren,Kurt,40,10000001450
1466,Ayşe,Kurt,47,10000001451
1467,Fatma,Kurt,54,10000001452
1468,Zeynep,Kurt,61,10000001453
1469,Elif,Kurt,20,10000001454
1470,Buse,Kurt,27,10000001455
1471,Ceren,Kurt,34,10000001456
1472,Derya,Kurt,41,10000001457
1473,Seda,Kurt,48,10000001458
1474,Esra,Kurt,55,10000001459
1475,İrem,Kurt,62,10000001460
1476,Ahmet,Özdemir,21,10000001461
1477,Mehmet,Özdemir,28,10000001462
1478,Ali,Özdemir,35,10000001463
1479,Mustafa,Özdemir,42,10000001464
1480,Emre,Özdemir,49,10000001465
1481,Can,Özdemir,56,10000001466
1482,Mert,Özdemir,63,10000001467
1483,Burak,Özdemir,22,10000001468
1484,Kerem,Özdemir,29,10000001469
1485,Eren,Özdemir,36,10000001470
1486,Ayşe,Özdemir,43,10000001471
1487,Fatma,Özdemir,50,10000001472
1488,Zeynep,Özdemir,57,10000001473
1489,Elif,Özdemir,64,10000001474
1490,Buse,Özdemir,23,10000001475
1491,Ceren,Özdemir,30,10000001476
1492,Derya,Özdemir,37,10000001477
1493,Seda,Özdemir,44,10000001478
1494,Esra,Özdemir,51,10000001479
1495,İrem,Özdemir,58,10000001480
1496,Ahmet,Polat,65,10000001481
1497,Mehmet,Polat,24,10000001482
1498,Ali,Polat,31,10000001483
1499,Mustafa,Polat,38,10000001484
1500,Emre,Polat,45,10000001485
1501,Can,Polat,52,10000001486
1502,Mert,Polat,59,10000001487
1503,Burak,Polat,18,10000001488
1504,Kerem,Polat,25,10000001489
1505,Eren,Polat,32,10000001490
1506,Ayşe,Polat,39,10000001491
1507,Fatma,Polat,46,10000001492
1508,Zeynep,Polat,53,10000001493
1509,Elif,Polat,60,10000001494
1510,Buse,Polat,19,10000001495
1511,Ceren,Polat,26,10000001496
1512,Derya,Polat,33,10000001497
1513,Seda,Polat,40,10000001498
1514,Esra,Polat,47,10000001499
1515,İrem,Polat,54,10000001500
1516,Ahmet,Aksoy,61,10000001501
1517,Mehmet,Aksoy,20,10000001502
1518,Ali,Aksoy,27,10000001503
1519,Mustafa,Aksoy,34,10000001504
1520,Emre,Aksoy,41,10000001505
1521,Can,Aksoy,48,10000001506
1522,Mert,Aksoy,55,10000001507
1523,Burak,Aksoy,62,10000001508
1524,Kerem,Aksoy,21,10000001509
1525,Eren,Aksoy,28,10000001510
1526,Ayşe,Aksoy,35,10000001511
1527,Fatma,Aksoy,42,10000001512
1528,Zeynep,Aksoy,49,10000001513
1529,Elif,Aksoy,56,10000001514
1530,Buse,Aksoy,63,10000001515
1531,Ceren,Aksoy,22,10000001516
1532,Derya,Aksoy,29,10000001517
1533,Seda,Aksoy,36,10000001518
1534,Esra,Aksoy,43,10000001519
1535,İrem,Aksoy,50,10000001520
1536,Ahmet,Güneş,57,10000001521
1537,Mehmet,Güneş,64,10000001522
1538,Ali,Güneş,23,10000001523
1539,Mustafa,Güneş,30,10000001524
1540,Emre,Güneş,37,10000001525
1541,Can,Güneş,44,10000001526
1542,Mert,Güneş,51,10000001527
1543,Burak,Güneş,58,10000001528
1544,Kerem,Güneş,65,10000001529
1545,Eren,Güneş,24,10000001530
1546,Ayşe,Güneş,31,10000001531
1547,Fatma,Güneş,38,10000001532
1548,Zeynep,Güneş,45,10000001533
1549,Elif,Güneş,52,10000001534
1550,Buse,Güneş,59,10000001535
1551,Ceren,Güneş,18,10000001536
1552,Derya,Güneş,25,10000001537
1553,Seda,Güneş,32,10000001538
1554,Esra,Güneş,39,10000001539
1555,İrem,Güneş,46,10000001540
1556,Ahmet,Yıldız,53,10000001541
1557,Mehmet,Yıldız,60,10000001542
1558,Ali,Yıldız,19,10000001543
1559,Mustafa,Yıldız,26,10000001544
1560,Emre,Yıldız,33,10000001545
1561,Can,Yıldız,40,10000001546
1562,Mert,Yıldız,47,10000001547
1563,Burak,Yıldız,54,10000001548
1564,Kerem,Yıldız,61,10000001549
1565,Eren,Yıldız,20,10000001550
1566,Ayşe,Yıldız,27,10000001551
1567,Fatma,Yıldız,34,10000001552
1568,Zeynep,Yıldız,41,10000001553
1569,Elif,Yıldız,48,10000001554
1570,Buse,Yıldız,55,10000001555
1571,Ceren,Yıldız,62,10000001556
1572,Derya,Yıldız,21,10000001557
1573,Seda,Yıldız,28,10000001558
1574,Esra,Yıldız,35,10000001559
1575,İrem,Yıldız,42,10000001560
1576,Ahmet,Tekin,49,10000001561
1577,Mehmet,Tekin,56,10000001562
1578,Ali,Tekin,63,10000001563
1579,Mustafa,Tekin,22,10000001564
1580,Emre,Tekin,29,10000001565
1581,Can,Tekin,36,10000001566
1582,Mert,Tekin,43,10000001567
1583,Burak,Tekin,50,10000001568
1584,Kerem,Tekin,57,10000001569
1585,Eren,Tekin,64,10000001570
1586,Ayşe,Tekin,23,10000001571
1587,Fatma,Tekin,30,10000001572
1588,Zeynep,Tekin,37,10000001573
1589,Elif,Tekin,44,10000001574
1590,Buse,Tekin,51,10000001575
1591,Ceren,Tekin,58,10000001576
1592,Derya,Tekin,65,10000001577
1593,Seda,Tekin,24,10000001578
1594,Esra,Tekin,31,10000001579
1595,İrem,Tekin,38,10000001580
1596,Ahmet,Erdem,45,10000001581
1597,Mehmet,Erdem,52,10000001582
1598,Ali,Erdem,59,10000001583
1599,Mustafa,Erdem,18,10000001584
1600,Emre,Erdem,25,10000001585
1601,Can,Erdem,32,10000001586
1602,Mert,Erdem,39,10000001587
1603,Burak,Erdem,46,10000001588
1604,Kerem,Erdem,53,10000001589
1605,Eren,Erdem,60,10000001590
1606,Ayşe,Erdem,19,10000001591
1607,Fatma,Erdem,26,10000001592
1608,Zeynep,Erdem,33,10000001593
1609,Elif,Erdem,40,10000001594
1610,Buse,Erdem,47,10000001595
1611,Ceren,Erdem,54,10000001596
1612,Derya,Erdem,61,10000001597
1613,Seda,Erdem,20,10000001598
1614,Esra,Erdem,27,10000001599
1615,İrem,Erdem,34,10000001600
1616,Ahmet,Yılmaz,41,10000001601
1617,Mehmet,Yılmaz,48,10000001602
1618,Ali,Yılmaz,55,10000001603
1619,Mustafa,Yılmaz,62,10000001604
1620,Emre,Yılmaz,21,10000001605
1621,Can,Yılmaz,28,10000001606
1622,Mert,Yılmaz,35,10000001607
1623,Burak,Yılmaz,42,10000001608
1624,Kerem,Yılmaz,49,10000001609
1625,Eren,Yılmaz,56,10000001610
1626,Ayşe,Yılmaz,63,10000001611
1627,Fatma,Yılmaz,22,10000001612
1628,Zeynep,Yılmaz,29,10000001613
1629,Elif,Yılmaz,36,10000001614
1630,Buse,Yılmaz,43,10000001615
1631,Ceren,Yılmaz,50,10000001616
1632,Derya,Yılmaz,57,10000001617
1633,Seda,Yılmaz,64,10000001618
1634,Esra,Yılmaz,23,10000001619
1635,İrem,Yılmaz,30,10000001620
1636,Ahmet,Kaya,37,10000001621
1637,Mehmet,Kaya,44,10000001622
1638,Ali,Kaya,51,10000001623
1639,Mustafa,Kaya,58,10000001624
1640,Emre,Kaya,65,10000001625
1641,Can,Kaya,24,10000001626
1642,Mert,Kaya,31,10000001627
1643,Burak,Kaya,38,10000001628
1644,Kerem,Kaya,45,10000001629
1645,Eren,Kaya,52,10000001630
1646,Ayşe,Kaya,59,10000001631
1647,Fatma,Kaya,18,10000001632
1648,Zeynep,Kaya,25,10000001633
1649,Elif,Kaya,32,10000001634
1650,Buse,Kaya,39,10000001635
1651,Ceren,Kaya,46,10000001636
1652,Derya,Kaya,53,10000001637
1653,Seda,Kaya,60,10000001638
1654,Esra,Kaya,19,10000001639
1655,İrem,Kaya,26,10000001640
1656,Ahmet,Demir,33,10000001641
1657,Mehmet,Demir,40,10000001642
1658,Ali,Demir,47,10000001643
1659,Mustafa,Demir,54,10000001644
1660,Emre,Demir,61,10000001645
1661,Can,Demir,20,10000001646
1662,Mert,Demir,27,10000001647
1663,Burak,Demir,34,10000001648
1664,Kerem,Demir,41,10000001649
1665,Eren,Demir,48,10000001650
1666,Ayşe,Demir,55,10000001651
1667,Fatma,Demir,62,10000001652
1668,Zeynep,Demir,21,10000001653
1669,Elif,Demir,28,10000001654
1670,Buse,Demir,35,10000001655
1671,Ceren,Demir,42,10000001656
1672,Derya,Demir,49,10000001657
1673,Seda,Demir,56,10000001658
1674,Esra,Demir,63,10000001659
1675,İrem,Demir,22,10000001660
1676,Ahmet,Çelik,29,10000001661
1677,Mehmet,Çelik,36,10000001662
1678,Ali,Çelik,43,10000001663
1679,Mustafa,Çelik,50,10000001664
1680,Emre,Çelik,57,10000001665
1681,Can,Çelik,64,10000001666
1682,Mert,Çelik,23,10000001667
1683,Burak,Çelik,30,10000001668
1684,Kerem,Çelik,37,10000001669
1685,Eren,Çelik,44,10000001670
1686,Ayşe,Çelik,51,10000001671
1687,Fatma,Çelik,58,10000001672
1688,Zeynep,Çelik,65,10000001673
1689,Elif,Çelik,24,10000001674
1690,Buse,Çelik,31,10000001675
1691,Ceren,Çelik,38,10000001676
1692,Derya,Çelik,45,10000001677
1693,Seda,Çelik,52,10000001678
1694,Esra,Çelik,59,10000001679
1695,İrem,Çelik,18,10000001680
1696,Ahmet,Şahin,25,10000001681
1697,Mehmet,Şahin,32,10000001682
1698,Ali,Şahin,39,10000001683
1699,Mustafa,Şahin,46,10000001684
1700,Emre,Şahin,53,10000001685
1701,Can,Şahin,60,10000001686
1702,Mert,Şahin,19,10000001687
1703,Burak,Şahin,26,10000001688
1704,Kerem,Şahin,33,10000001689
1705,Eren,Şahin,40,10000001690
1706,Ayşe,Şahin,47,10000001691
1707,Fatma,Şahin,54,10000001692
1708,Zeynep,Şahin,61,10000001693
1709,Elif,Şahin,20,10000001694
1710,Buse,Şahin,27,10000001695
1711,Ceren,Şahin,34,10000001696
1712,Derya,Şahin,41,10000001697
1713,Seda,Şahin,48,10000001698
1714,Esra,Şahin,55,10000001699
1715,İrem,Şahin,62,10000001700
1716,Ahmet,Aydın,21,10000001701
1717,Mehmet,Aydın,28,10000001702
1718,Ali,Aydın,35,10000001703
1719,Mustafa,Aydın,42,10000001704
1720,Emre,Aydın,49,10000001705
1721,Can,Aydın,56,10000001706
1722,Mert,Aydın,63,10000001707
1723,Burak,Aydın,22,10000001708
1724,Kerem,Aydın,29,10000001709
1725,Eren,Aydın,36,10000001710
1726,Ayşe,Aydın,43,10000001711
1727,Fatma,Aydın,50,10000001712
1728,Zeynep,Aydın,57,10000001713
1729,Elif,Aydın,64,10000001714
1730,Buse,Aydın,23,10000001715
1731,Ceren,Aydın,30,10000001716
1732,Derya,Aydın,37,10000001717
1733,Seda,Aydın,44,10000001718
1734,Esra,Aydın,51,10000001719
1735,İrem,Aydın,58,10000001720
1736,Ahmet,Öztürk,65,10000001721
1737,Mehmet,Öztürk,24,10000001722
1738,Ali,Öztürk,31,10000001723
1739,Mustafa,Öztürk,38,10000001724
1740,Emre,Öztürk,45,10000001725
1741,Can,Öztürk,52,10000001726
1742,Mert,Öztürk,59,10000001727
1743,Burak,Öztürk,18,10000001728
1744,Kerem,Öztürk,25,10000001729
1745,Eren,Öztürk,32,10000001730
1746,Ayşe,Öztürk,39,10000001731
1747,Fatma,Öztürk,46,10000001732
1748,Zeynep,Öztürk,53,10000001733
1749,Elif,Öztürk,60,10000001734
1750,Buse,Öztürk,19,10000001735
1751,Ceren,Öztürk,26,10000001736
1752,Derya,Öztürk,33,10000001737
1753,Seda,Öztürk,40,10000001738
1754,Esra,Öztürk,47,10000001739
1755,İrem,Öztürk,54,10000001740
1756,Ahmet,Arslan,61,10000001741
1757,Mehmet,Arslan,20,10000001742
1758,Ali,Arslan,27,10000001743
1759,Mustafa,Arslan,34,10000001744
1760,Emre,Arslan,41,10000001745
1761,Can,Arslan,48,10000001746
1762,Mert,Arslan,55,10000001747
1763,Burak,Arslan,62,10000001748
1764,Kerem,Arslan,21,10000001749
1765,Eren,Arslan,28,10000001750
1766,Ayşe,Arslan,35,10000001751
1767,Fatma,Arslan,42,10000001752
1768,Zeynep,Arslan,49,10000001753
1769,Elif,Arslan,56,10000001754
1770,Buse,Arslan,63,10000001755
1771,Ceren,Arslan,22,10000001756
1772,Derya,Arslan,29,10000001757
1773,Seda,Arslan,36,10000001758
1774,Esra,Arslan,43,10000001759
1775,İrem,Arslan,50,10000001760
1776,Ahmet,Doğan,57,10000001761
1777,Mehmet,Doğan,64,10000001762
1778,Ali,Doğan,23,10000001763
1779,Mustafa,Doğan,30,10000001764
1780,Emre,Doğan,37,10000001765
1781,Can,Doğan,44,10000001766
1782,Mert,Doğan,51,10000001767
1783,Burak,Doğan,58,10000001768
1784,Kerem,Doğan,65,10000001769
1785,Eren,Doğan,24,10000001770
1786,Ayşe,Doğan,31,10000001771
1787,Fatma,Doğan,38,10000001772
1788,Zeynep,Doğan,45,10000001773
1789,Elif,Doğan,52,10000001774
1790,Buse,Doğan,59,10000001775
1791,Ceren,Doğan,18,10000001776
1792,Derya,Doğan,25,10000001777
1793,Seda,Doğan,32,10000001778
1794,Esra,Doğan,39,10000001779
1795,İrem,Doğan,46,10000001780
1796,Ahmet,Kılıç,53,10000001781
1797,Mehmet,Kılıç,60,10000001782
1798,Ali,Kılıç,19,10000001783
1799,Mustafa,Kılıç,26,10000001784
1800,Emre,Kılıç,33,10000001785
1801,Can,Kılıç,40,10000001786
1802,Mert,Kılıç,47,10000001787
1803,Burak,Kılıç,54,10000001788
1804,Kerem,Kılıç,61,10000001789
1805,Eren,Kılıç,20,10000001790
1806,Ayşe,Kılıç,27,10000001791
1807,Fatma,Kılıç,34,10000001792
1808,Zeynep,Kılıç,41,10000001793
1809,Elif,Kılıç,48,10000001794
1810,Buse,Kılıç,55,10000001795
1811,Ceren,Kılıç,62,10000001796
1812,Derya,Kılıç,21,10000001797
1813,Seda,Kılıç,28,10000001798
1814,Esra,Kılıç,35,10000001799
1815,İrem,Kılıç,42,10000001800
1816,Ahmet,Aslan,49,10000001801
1817,Mehmet,Aslan,56,10000001802
1818,Ali,Aslan,63,10000001803
1819,Mustafa,Aslan,22,10000001804
1820,Emre,Aslan,29,10000001805
1821,Can,Aslan,36,10000001806
1822,Mert,Aslan,43,10000001807
1823,Burak,Aslan,50,10000001808
1824,Kerem,Aslan,57,10000001809
1825,Eren,Aslan,64,10000001810
1826,Ayşe,Aslan,23,10000001811
1827,Fatma,Aslan,30,10000001812
1828,Zeynep,Aslan,37,10000001813
1829,Elif,Aslan,44,10000001814
1830,Buse,Aslan,51,10000001815
1831,Ceren,Aslan,58,10000001816
1832,Derya,Aslan,65,10000001817
1833,Seda,Aslan,24,10000001818
1834,Esra,Aslan,31,10000001819
1835,İrem,Aslan,38,10000001820
1836,Ahmet,Koç,45,10000001821
1837,Mehmet,Koç,52,10000001822
1838,Ali,Koç,59,10000001823
1839,Mustafa,Koç,18,10000001824
1840,Emre,Koç,25,10000001825
1841,Can,Koç,32,10000001826
1842,Mert,Koç,39,10000001827
1843,Burak,Koç,46,10000001828
1844,Kerem,Koç,53,10000001829
1845,Eren,Koç,60,10000001830
1846,Ayşe,Koç,19,10000001831
1847,Fatma,Koç,26,10000001832
1848,Zeynep,Koç,33,10000001833
1849,Elif,Koç,40,10000001834
1850,Buse,Koç,47,10000001835
1851,Ceren,Koç,54,10000001836
1852,Derya,Koç,61,10000001837
1853,Seda,Koç,20,10000001838
1854,Esra,Koç,27,10000001839
1855,İrem,Koç,34,10000001840
1856,Ahmet,Kurt,41,10000001841
1857,Mehmet,Kurt,48,10000001842
1858,Ali,Kurt,55,10000001843
1859,Mustafa,Kurt,62,10000001844
1860,Emre,Kurt,21,10000001845
1861,Can,Kurt,28,10000001846
1862,Mert,Kurt,35,10000001847
1863,Burak,Kurt,42,10000001848
1864,Kerem,Kurt,49,10000001849
1865,Eren,Kurt,56,10000001850
1866,Ayşe,Kurt,63,10000001851
1867,Fatma,Kurt,22,10000001852
1868,Zeynep,Kurt,29,10000001853
1869,Elif,Kurt,36,10000001854
1870,Buse,Kurt,43,10000001855
1871,Ceren,Kurt,50,10000001856
1872,Derya,Kurt,57,10000001857
1873,Seda,Kurt,64,10000001858
1874,Esra,Kurt,23,10000001859
1875,İrem,Kurt,30,10000001860
1876,Ahmet,Özdemir,37,10000001861
1877,Mehmet,Özdemir,44,10000001862
1878,Ali,Özdemir,51,10000001863
1879,Mustafa,Özdemir,58,10000001864
1880,Emre,Özdemir,65,10000001865
1881,Can,Özdemir,24,10000001866
1882,Mert,Özdemir,31,10000001867
1883,Burak,Özdemir,38,10000001868
1884,Kerem,Özdemir,45,10000001869
1885,Eren,Özdemir,52,10000001870
1886,Ayşe,Özdemir,59,10000001871
1887,Fatma,Özdemir,18,10000001872
1888,Zeynep,Özdemir,25,10000001873
1889,Elif,Özdemir,32,10000001874
1890,Buse,Özdemir,39,10000001875
1891,Ceren,Özdemir,46,10000001876
1892,Derya,Özdemir,53,10000001877
1893,Seda,Özdemir,60,10000001878
1894,Esra,Özdemir,19,10000001879
1895,İrem,Özdemir,26,10000001880
1896,Ahmet,Polat,33,10000001881
1897,Mehmet,Polat,40,10000001882
1898,Ali,Polat,47,10000001883
1899,Mustafa,Polat,54,10000001884
1900,Emre,Polat,61,10000001885
1901,Can,Polat,20,10000001886
1902,Mert,Polat,27,10000001887
1903,Burak,Polat,34,10000001888
1904,Kerem,Polat,41,10000001889
1905,Eren,Polat,48,10000001890
1906,Ayşe,Polat,55,10000001891
1907,Fatma,Polat,62,10000001892
1908,Zeynep,Polat,21,10000001893
1909,Elif,Polat,28,10000001894
1910,Buse,Polat,35,10000001895
1911,Ceren,Polat,42,10000001896
1912,Derya,Polat,49,10000001897
1913,Seda,Polat,56,10000001898
1914,Esra,Polat,63,10000001899
1915,İrem,Polat,22,10000001900
1916,Ahmet,Aksoy,29,10000001901
1917,Mehmet,Aksoy,36,10000001902
1918,Ali,Aksoy,43,10000001903
1919,Mustafa,Aksoy,50,10000001904
1920,Emre,Aksoy,57,10000001905
1921,Can,Aksoy,64,10000001906
1922,Mert,Aksoy,23,10000001907
1923,Burak,Aksoy,30,10000001908
1924,Kerem,Aksoy,37,10000001909
1925,Eren,Aksoy,44,10000001910
1926,Ayşe,Aksoy,51,10000001911
1927,Fatma,Aksoy,58,10000001912
1928,Zeynep,Aksoy,65,10000001913
1929,Elif,Aksoy,24,10000001914
1930,Buse,Aksoy,31,10000001915
1931,Ceren,Aksoy,38,10000001916
1932,Derya,Aksoy,45,10000001917
1933,Seda,Aksoy,52,10000001918
1934,Esra,Aksoy,59,10000001919
1935,İrem,Aksoy,18,10000001920
1936,Ahmet,Güneş,25,10000001921
1937,Mehmet,Güneş,32,10000001922
1938,Ali,Güneş,39,10000001923
1939,Mustafa,Güneş,46,10000001924
1940,Emre,Güneş,53,10000001925
1941,Can,Güneş,60,10000001926
1942,Mert,Güneş,19,10000001927
1943,Burak,Güneş,26,10000001928
1944,Kerem,Güneş,33,10000001929
1945,Eren,Güneş,40,10000001930
1946,Ayşe,Güneş,47,10000001931
1947,Fatma,Güneş,54,10000001932
1948,Zeynep,Güneş,61,10000001933
1949,Elif,Güneş,20,10000001934
1950,Buse,Güneş,27,10000001935
1951,Ceren,Güneş,34,10000001936
1952,Derya,Güneş,41,10000001937
1953,Seda,Güneş,48,10000001938
1954,Esra,Güneş,55,10000001939
1955,İrem,Güneş,62,10000001940
1956,Ahmet,Yıldız,21,10000001941
1957,Mehmet,Yıldız,28,10000001942
1958,Ali,Yıldız,35,10000001943
1959,Mustafa,Yıldız,42,10000001944
1960,Emre,Yıldız,49,10000001945
1961,Can,Yıldız,56,10000001946
1962,Mert,Yıldız,63,10000001947
1963,Burak,Yıldız,22,10000001948
1964,Kerem,Yıldız,29,10000001949
1965,Eren,Yıldız,36,10000001950
1966,Ayşe,Yıldız,43,10000001951
1967,Fatma,Yıldız,50,10000001952
1968,Zeynep,Yıldız,57,10000001953
1969,Elif,Yıldız,64,10000001954
1970,Buse,Yıldız,23,10000001955
1971,Ceren,Yıldız,30,10000001956
1972,Derya,Yıldız,37,10000001957
1973,Seda,Yıldız,44,10000001958
1974,Esra,Yıldız,51,10000001959
1975,İrem,Yıldız,58,10000001960
1976,Ahmet,Tekin,65,10000001961
1977,Mehmet,Tekin,24,10000001962
1978,Ali,Tekin,31,10000001963
1979,Mustafa,Tekin,38,10000001964
1980,Emre,Tekin,45,10000001965
1981,Can,Tekin,52,10000001966
1982,Mert,Tekin,59,10000001967
1983,Burak,Tekin,18,10000001968
1984,Kerem,Tekin,25,10000001969
1985,Eren,Tekin,32,10000001970
1986,Ayşe,Tekin,39,10000001971
1987,Fatma,Tekin,46,10000001972
1988,Zeynep,Tekin,53,10000001973
1989,Elif,Tekin,60,10000001974
1990,Buse,Tekin,19,10000001975
1991,Ceren,Tekin,26,10000001976
1992,Derya,Tekin,33,10000001977
1993,Seda,Tekin,40,10000001978
1994,Esra,Tekin,47,10000001979
1995,İrem,Tekin,54,10000001980
1996,Ahmet,Erdem,61,10000001981
1997,Mehmet,Erdem,20,10000001982
1998,Ali,Erdem,27,10000001983
1999,Mustafa,Erdem,34,10000001984
2000,Emre,Erdem,41,10000001985
2001,Can,Erdem,48,10000001986
2002,Mert,Erdem,55,10000001987
2003,Burak,Erdem,62,10000001988
2004,Kerem,Erdem,21,10000001989
2005,Eren,Erdem,28,10000001990
2006,Ayşe,Erdem,35,10000001991
2007,Fatma,Erdem,42,10000001992
2008,Zeynep,Erdem,49,10000001993
2009,Elif,Erdem,56,10000001994
2010,Buse,Erdem,63,10000001995
2011,Ceren,Erdem,22,10000001996
2012,Derya,Erdem,29,10000001997
2013,Seda,Erdem,36,10000001998
2014,Esra,Erdem,43,10000001999
2015,İrem,Erdem,50,10000002000
